,job_title,publish,company_name,city
0,Data Analyst (w/m/d) Power BI mit Remote-Anteil,1 hafta √∂nce,ATLAS TITAN Mitte GmbH,"G√ºtersloh, Kuzey Ren-Vestfalya, Almanya"
1,Data Analyst / Scientist (m/w/d),2 hafta √∂nce,Dr. Wolff Group,"Bielefeld, Kuzey Ren-Vestfalya, Almanya"
2,Data / Business Analyst (m/w/d),2 hafta √∂nce,Dr. Wolff Group,"Bielefeld, Kuzey Ren-Vestfalya, Almanya"
3,CRM Data Analyst (m/w/d),1 g√ºn √∂nce,hachmeister+partner,"Bielefeld, Kuzey Ren-Vestfalya, Almanya"
4,Data Analyst f√ºr Datenmodellierung und Kundenbetreuung (m/w/d),1 ay √∂nce,Lurse,"Salzkotten, Kuzey Ren-Vestfalya, Almanya"
5,Data Engineer(m/w/d) Big Data / Power BI,4 g√ºn √∂nce,Poppe + Potthoff GmbH,"Werther, Kuzey Ren-Vestfalya, Almanya"
6,Marketing Data Analyst in Influencer Marketing - Remote (m/f/d),3 hafta √∂nce,insightsON GmbH,"Bielefeld, Kuzey Ren-Vestfalya, Almanya"
7,"üíª Data Engineer | Vollzeit, unbefristet (all genders), ab sofort",1 hafta √∂nce,COSMO CONSULT,"Paderborn, Kuzey Ren-Vestfalya, Almanya"
8,Business Intelligence Consultant (w|m|d),1 ay √∂nce,adesso SE,"Bielefeld, Kuzey Ren-Vestfalya, Almanya"
9,Data Engineer - Remote (m/w/d),1 hafta √∂nce,Arvato Systems,"Bielefeld, Kuzey Ren-Vestfalya, Almanya"
10,Data Engineer (all genders),1 hafta √∂nce,WEKO Wohnen GmbH,"Paderborn, Kuzey Ren-Vestfalya, Almanya"
11,Junior SAP BW/Analytics Consultant (m/w/d),1 hafta √∂nce,Bechtle,"Bielefeld, Kuzey Ren-Vestfalya, Almanya"
12,Data Engineer f√ºr die Datenpflege - Remote (m/w/d),1 ay √∂nce,ORDIX AG,"Bielefeld, Kuzey Ren-Vestfalya, Almanya"
13,Consultant (w/m/d) Business Intelligence / Schwerpunkt: Qlik,1 hafta √∂nce,Arvato Systems,"G√ºtersloh, Kuzey Ren-Vestfalya, Almanya"
14,(Senior) Business Intelligence Consultant (w/m/d),3 ay √∂nce,United Headhunters,"Paderborn, Kuzey Ren-Vestfalya, Almanya"
15,Junior SAP BW/Analytics Consultant (m/w/d),1 hafta √∂nce,Jefferson Frank,"Bielefeld, Kuzey Ren-Vestfalya, Almanya"
16,Market Intelligence Analyst (m/w/d) - Aufbauaufgabe (1827J),1 g√ºn √∂nce,GOLDBECK,"Bielefeld, Kuzey Ren-Vestfalya, Almanya"
17,Cloud Data Engineer (w/m/d) - in Bielefeld,1 ay √∂nce,adesso SE,"Bielefeld, Kuzey Ren-Vestfalya, Almanya"
18,Dualer Master als Data Analyst - Remote (m/w/d),3 hafta √∂nce,T√∂nnies Unternehmensgruppe,"Bielefeld, Kuzey Ren-Vestfalya, Almanya"
19,Cloud Data Engineer (m/w/d),1 hafta √∂nce,GOLDBECK,"Bielefeld, Kuzey Ren-Vestfalya, Almanya"
20,Data Engineer Sports (all genders),1 ay √∂nce,SO Digital Recruitment,"Paderborn, Kuzey Ren-Vestfalya, Almanya"
21,"Datenbankadministrator (m/w/d) - Datenbankentwicklung / BI, System Engineering / Admin, Ingenieur",3 hafta √∂nce,KPMG Deutschland,"G√ºtersloh, Kuzey Ren-Vestfalya, Almanya"
22,Cloud Data Engineer (m/w/d),1 hafta √∂nce,Arvato Systems,"Bielefeld, Kuzey Ren-Vestfalya, Almanya"
23,Senior Data Engineer (m/f/d),2 ay √∂nce,diginea GmbH,"Kreis Paderborn, Kuzey Ren-Vestfalya, Almanya"
24,Werkstudent (w/m/d) f√ºr Business Intelligence,2 ay √∂nce,H√∂rmann Deutschland,"Bielefeld, Kuzey Ren-Vestfalya, Almanya"
25,(Junior) Security Engineer (m/w/d),1 hafta √∂nce,Braintower Technologies GmbH,"G√ºtersloh, Kuzey Ren-Vestfalya, Almanya"
26,(Junior) Technical Consultant PIM (w/m/d),1 hafta √∂nce,LM IT Services AG,"Bielefeld, Kuzey Ren-Vestfalya, Almanya"
27,IT System Engineer (m/w/d) - Microsoft Power Plattform / Microsoft 365 Services,1 ay √∂nce,4ALLPORTAL,"Bielefeld, Kuzey Ren-Vestfalya, Almanya"
28,Junior Cloud Engineer f√ºr ein Systemhaus (m/w/d) Remote,3 hafta √∂nce,consenso Consulting GmbH,"Bielefeld, Kuzey Ren-Vestfalya, Almanya"
29,System Engineer Cloud Security (m/w/d),1 hafta √∂nce,Amadeus FiRe,"Bielefeld, Kuzey Ren-Vestfalya, Almanya"
30,IT Fachinformatiker Systemintegration | System Integration Engineer (m/w/d),4 hafta √∂nce,Arvato Systems,"G√ºtersloh, Kuzey Ren-Vestfalya, Almanya"
31,SAP Junior Consultant/Data Scientist (m/w/d),4 g√ºn √∂nce,ORDIX AG,"Bielefeld, Kuzey Ren-Vestfalya, Almanya"
32,Systemadministrator / IT System Engineer (m/w/d) Windows,2 ay √∂nce,INLOGY,"Bielefeld, Kuzey Ren-Vestfalya, Almanya"
33,System Engineer Backup (m/w/d),1 hafta √∂nce,GOLDBECK,"G√ºtersloh, Kuzey Ren-Vestfalya, Almanya"
34,Azure Cloud Engineer (w/m/d),5 g√ºn √∂nce,HELLA,"Paderborn, Kuzey Ren-Vestfalya, Almanya"
35,Cloud Developer (m/w/d),2 hafta √∂nce,KPMG Deutschland,"Paderborn, Kuzey Ren-Vestfalya, Almanya"
36,IT Business Analyst (m/w/d),1 hafta √∂nce,Arvato Systems,"Bielefeld, Kuzey Ren-Vestfalya, Almanya"
37,SYSTEM ENGINEER (M/W/D) AUTOMATED DRIVING,1 ay √∂nce,Amadeus FiRe,"Lippstadt, Kuzey Ren-Vestfalya, Almanya"
38,Senior Consultant (w/m/d) Business Intelligence & Controlling,1 ay √∂nce,Atos,"Bielefeld, Kuzey Ren-Vestfalya, Almanya"
39,(Senior) Data Engineer ML (m/w/d),4 g√ºn √∂nce,4ALLPORTAL,"G√ºtersloh, Kuzey Ren-Vestfalya, Almanya"
40,(Junior) IT Systemadministrator (m/w/d) / System Engineer,1 g√ºn √∂nce,plusserver,"Bielefeld, Kuzey Ren-Vestfalya, Almanya"
41,Werkstudent (m/w/d) SAP Analytics,3 g√ºn √∂nce,Weber Maschinenbau,"Paderborn, Kuzey Ren-Vestfalya, Almanya"
42,Kubernetes Engineer (m/w/d),1 ay √∂nce,Arvato Systems,"G√ºtersloh, Kuzey Ren-Vestfalya, Almanya"
43,DevOps Engineer Backup (m/w/d),2 g√ºn √∂nce,simplicity networks GmbH,"G√ºtersloh, Kuzey Ren-Vestfalya, Almanya"
44,Cloud Developer (m/w/d),1 ay √∂nce,Nigel Frank International,"Werther, Kuzey Ren-Vestfalya, Almanya"
45,Werkstudent Data Science / Data Engineering (m/w/d),2 ay √∂nce,Brunel,"Bielefeld, Kuzey Ren-Vestfalya, Almanya"
46,System Engineer (m/w/d) Dokumenten Management Systeme,1 ay √∂nce,Atos,"G√ºtersloh, Kuzey Ren-Vestfalya, Almanya"
47,IT System Engineer (m_w_d),1 g√ºn √∂nce,Arvato Systems,"Oelde, Kuzey Ren-Vestfalya, Almanya"
48,Cloud Data Engineer (w/m/d) - in Bielefeld,1 hafta √∂nce,Nigel Frank International,"Bielefeld, Kuzey Ren-Vestfalya, Almanya"
49,Systems Engineer Storage/ NAS,2 hafta √∂nce,FORTIS IT-Services GmbH,"G√ºtersloh, Kuzey Ren-Vestfalya, Almanya"
50,Consultant f√ºr Data & Analytics im SAP Hana Projektgesch√§ft (m/w/d),3 hafta √∂nce,adesso SE,"Paderborn, Kuzey Ren-Vestfalya, Almanya"
51,System Engineer (m/w/d) IT Security,1 ay √∂nce,adesso SE,"G√ºtersloh, Kuzey Ren-Vestfalya, Almanya"
52,Azure Data Engineer(w/m/d)_Energiebranche_in Bielefeld,3 hafta √∂nce,CGI,"Bielefeld, Kuzey Ren-Vestfalya, Almanya"
53,Cloud Programmiererin AWS / Azure,1 hafta √∂nce,Storck,"Paderborn, Kuzey Ren-Vestfalya, Almanya"
54,System Engineer Microsoft (all genders),1 hafta √∂nce,plusserver,"Paderborn, Kuzey Ren-Vestfalya, Almanya"
55,System Engineer Microsoft 365 (all genders),1 g√ºn √∂nce,LIONSTEP,"Paderborn, Kuzey Ren-Vestfalya, Almanya"
56,(Senior) PL / SQL Developer (m/w/d),1 hafta √∂nce,FORTIS IT-Services GmbH,"Bielefeld, Kuzey Ren-Vestfalya, Almanya"
57,System Engineer (m/w/d) Microsoft Infrastruktur,1 ay √∂nce,adesso SE,"Halle, Kuzey Ren-Vestfalya, Almanya"
58,DevOps Engineer Backup (m/w/d),1 ay √∂nce,Arvato Systems,"G√ºtersloh, Kuzey Ren-Vestfalya, Almanya"
59,Engineer Microsoft Exchange (f/m/d),3 hafta √∂nce,Arvato Systems,"G√ºtersloh, Kuzey Ren-Vestfalya, Almanya"
60,Cloud Developerin AWS / Azure,1 ay √∂nce,univativ GmbH,"G√ºtersloh, Kuzey Ren-Vestfalya, Almanya"
61,Junior Controller als Business Intelligence Engineer (m/w/d),2 hafta √∂nce,Arvato Systems,"Bielefeld, Kuzey Ren-Vestfalya, Almanya"
62,Senior Data Engineer Data Warehouse / ETL und Cloud (all genders),2 ay √∂nce,United Headhunters,"Paderborn, Kuzey Ren-Vestfalya, Almanya"
63,System Engineer Storage / NAS (m/w/d),1 ay √∂nce,HELLA,"G√ºtersloh, Kuzey Ren-Vestfalya, Almanya"
64,System Engineer Storage / NAS (m/w/d),2 g√ºn √∂nce,Mettenmeier GmbH,"G√ºtersloh, Kuzey Ren-Vestfalya, Almanya"
65,(Junior) Full Stack Entwickler (m/w/d) Cloud,4 ay √∂nce,Arvato Systems,"G√ºtersloh, Kuzey Ren-Vestfalya, Almanya"
66,System Engineer Storage / SAN (m/w/d),2 hafta √∂nce,Amadeus FiRe,"G√ºtersloh, Kuzey Ren-Vestfalya, Almanya"
67,Softwareingenieur:in,1 ay √∂nce,Crafts Unfolded,"Kreis Paderborn, Kuzey Ren-Vestfalya, Almanya"
68,ADVANCED SYSTEMS ENGINEER (M/W/D),2 hafta √∂nce,FERCHAU,"Lippstadt, Kuzey Ren-Vestfalya, Almanya"
69,"Support Engineer / Fachinformatiker / Softwareentwickler - Talenty (m/w/d) - Anwendungsentwicklung, System Engineering / Admin, Ingenieur",1 ay √∂nce,codecentric AG,"Paderborn, Kuzey Ren-Vestfalya, Almanya"
70,System Engineer Citrix/VDI (m/w/d),4 g√ºn √∂nce,adesso SE,"Rheda, Kuzey Ren-Vestfalya, Almanya"
71,Systemadministrator / IT System Engineer (m/w/d) Windows,6 g√ºn √∂nce,CLAAS,"Bielefeld, Kuzey Ren-Vestfalya, Almanya"
72,Junior Full-Stack Entwickler:in (m/w/d) - remote in Dtl. m√∂glich,2 hafta √∂nce,FORTIS IT-Services GmbH,"Bielefeld, Kuzey Ren-Vestfalya, Almanya"
73,System Engineer (m/w/d),2 hafta √∂nce,FORTIS IT-Services GmbH,"Oelde, Kuzey Ren-Vestfalya, Almanya"
74,Cloud Operations Consultant (w/d/m),3 hafta √∂nce,plusserver,"Bielefeld, Kuzey Ren-Vestfalya, Almanya"
75,Developer Microsoft 365 (all genders),3 hafta √∂nce,NEOMATIC AG,"Paderborn, Kuzey Ren-Vestfalya, Almanya"
76,Praktikum / Abschlussarbeit Digital Product Engineering - Systems Engineering,1 hafta √∂nce,FERCHAU,"Harsewinkel, Kuzey Ren-Vestfalya, Almanya"
77,Cloud Developerin AWS / Azure,3 hafta √∂nce,GOLDBECK,"Paderborn, Kuzey Ren-Vestfalya, Almanya"
78,Data Engineer Marketing Automation - Remote (m/w/d),3 hafta √∂nce,GOLDBECK,"Bielefeld, Kuzey Ren-Vestfalya, Almanya"
79,Cloud Entwicklerin,2 hafta √∂nce,NEOMATIC AG,"G√ºtersloh, Kuzey Ren-Vestfalya, Almanya"
80,DevOps Engineer Microsoft (m/w/d),2 hafta √∂nce,Diebold Nixdorf,"G√ºtersloh, Kuzey Ren-Vestfalya, Almanya"
81,Salesforce Developer (m/w/d),2 hafta √∂nce,GOLDBECK,"Bielefeld, Kuzey Ren-Vestfalya, Almanya"
82,Data Scientist (m/w/d),1 hafta √∂nce,codecentric AG,"Bielefeld, Kuzey Ren-Vestfalya, Almanya"
83,IT Business Analyst (m/w/d),2 hafta √∂nce,Weber Maschinenbau,"Bielefeld, Kuzey Ren-Vestfalya, Almanya"
84,PowerPlatform Engineer (m/w/d),3 hafta √∂nce,SUTSCHE GmbH,"Bielefeld, Kuzey Ren-Vestfalya, Almanya"
85,Senior SAP Consultant f√ºr BI und Analytics (m/w/d),1 hafta √∂nce,neam IT-Services GmbH,"Bielefeld, Kuzey Ren-Vestfalya, Almanya"
86,Senior Systems Engineer (m/f/d),1 hafta √∂nce,FORTIS IT-Services GmbH,"Paderborn, Kuzey Ren-Vestfalya, Almanya"
87,PowerPlatform Engineer (m/w/d),2 g√ºn √∂nce,CGI,"Bielefeld, Kuzey Ren-Vestfalya, Almanya"
88,Agile Developer & Consultant (w/d/m),5 g√ºn √∂nce,Arvato Systems,"Bielefeld, Kuzey Ren-Vestfalya, Almanya"
89,Informatikerin als System Engineer IT Applikationen (m/w/d),2 g√ºn √∂nce,OEDIV Oetker Daten- und Informationsverarbeitung KG,"Werther, Kuzey Ren-Vestfalya, Almanya"
90,Business Analyst - Requirements Engineer - IT Anforderungsmanager,3 hafta √∂nce,FORTIS IT-Services GmbH,"Bielefeld, Kuzey Ren-Vestfalya, Almanya"
91,Fachinformatiker Systemintegration / Systems-Engineer / Systems-Specialist (m/w/d),1 g√ºn √∂nce,Nigel Frank International,"Paderborn, Kuzey Ren-Vestfalya, Almanya"
92,Cloud Entwicklerin,1 ay √∂nce,HELLA,"Paderborn, Kuzey Ren-Vestfalya, Almanya"
93,SharePoint Entwickler / Projektleiter (m/w/d),1 hafta √∂nce,mindsquare AG,"Bielefeld, Kuzey Ren-Vestfalya, Almanya"
94,Microsoft Developer (m/w/d),1 ay √∂nce,adesso SE,"Bielefeld, Kuzey Ren-Vestfalya, Almanya"
95,Cloud DevOps Engineer (m/w/d),3 hafta √∂nce,Betriebsmittelhelden,"Bielefeld, Kuzey Ren-Vestfalya, Almanya"
96,Fachinformatiker*in Cloud Engineering,1 hafta √∂nce,FORTIS IT-Services GmbH,"G√ºtersloh, Kuzey Ren-Vestfalya, Almanya"
97,Azure Cloud Engineer (w/m/d) - Inhouse Cloud Migration,6 ay √∂nce,FORTIS IT-Services GmbH,"Bielefeld, Kuzey Ren-Vestfalya, Almanya"
98,SYSTEM TEST SPECIALIST (M/W/D),2 hafta √∂nce,COMPRION,"Lippstadt, Kuzey Ren-Vestfalya, Almanya"
99,"Werkstudent Webentwicklung (m/w/d) - Webentwicklung, Ingenieur",6 g√ºn √∂nce,symmedia,"Bielefeld, Kuzey Ren-Vestfalya, Almanya"
100,System Engineer Client Management (all genders),3 hafta √∂nce,FORTIS IT-Services GmbH,"Paderborn, Kuzey Ren-Vestfalya, Almanya"
101,Werkstudent im Bereich Entwicklung (m/w/d),1 ay √∂nce,LM IT Services AG,"Bielefeld, Kuzey Ren-Vestfalya, Almanya"
102,Cloud Entwicklerin,1 hafta √∂nce,sysberry-absc GmbH,"Bielefeld, Kuzey Ren-Vestfalya, Almanya"
103,Wirtschaftsinformatiker*in als SAP Developer*in,2 ay √∂nce,plusserver,"G√ºtersloh, Kuzey Ren-Vestfalya, Almanya"
104,Junior Software Developer (m/f/d) Contactless Communication,3 hafta √∂nce,FORTIS IT-Services GmbH,"Paderborn, Kuzey Ren-Vestfalya, Almanya"
105,IIoT / Edge Operations Engineer*,2 hafta √∂nce,D√ºrkopp Adler,"Bielefeld, Kuzey Ren-Vestfalya, Almanya"
106,Nachwuchs SAP Softwareentwicklerin,3 hafta √∂nce,Mason Frank International,"G√ºtersloh, Kuzey Ren-Vestfalya, Almanya"
107,Junior DevOps Engineer in der IT Beratung - Full Remote (m/w/d),2 hafta √∂nce,BEST System Technik GmbH,"Bielefeld, Kuzey Ren-Vestfalya, Almanya"
108,System Engineer Cloud Security (m/w/d),3 hafta √∂nce,adesso SE,"Bielefeld, Kuzey Ren-Vestfalya, Almanya"
109,Werkstudent (m/w/d) Softwareentwicklung Deep Learning,1 ay √∂nce,FERCHAU,"Bielefeld, Kuzey Ren-Vestfalya, Almanya"
110,Business Analyst - Datenmodellierung / IT (m/w/d),1 hafta √∂nce,Vantis,"Bielefeld, Kuzey Ren-Vestfalya, Almanya"
111,Data Processing Engineer PHP Remote (m/w/d),3 hafta √∂nce,FORTIS IT-Services GmbH,"Bielefeld, Kuzey Ren-Vestfalya, Almanya"
112,System Engineer VMware (m/w/d),1 hafta √∂nce,Kaufland e-commerce,"Bielefeld, Kuzey Ren-Vestfalya, Almanya"
113,Cloud Engineer AWS / Azure,1 g√ºn √∂nce,Intercon Solutions GmbH,"G√ºtersloh, Kuzey Ren-Vestfalya, Almanya"
114,Senior Lead Developer,3 hafta √∂nce,FORTIS IT-Services GmbH,"Bielefeld, Kuzey Ren-Vestfalya, Almanya"
115,Salesforce Developer (m/w/d) im Gro√üraum Bielefeld,1 hafta √∂nce,FORTIS IT-Services GmbH,"Bielefeld, Kuzey Ren-Vestfalya, Almanya"
116,Softwareentwickler (m/w/d),3 hafta √∂nce,ASSA ABLOY Group,"Bielefeld, Kuzey Ren-Vestfalya, Almanya"
117,Developer Lifecycle Management Salesforce CRM (all genders) in Voll- oder Teilzeit,1 ay √∂nce,Prophete GmbH u. Co. KG,"Paderborn, Kuzey Ren-Vestfalya, Almanya"
118,GitOps Engineer (m/w/d),1 hafta √∂nce,FERCHAU,"Bielefeld, Kuzey Ren-Vestfalya, Almanya"
119,Python Backend Developer - Django / Postgres (m/w/d),1 hafta √∂nce,agentbase AG,"Bielefeld, Kuzey Ren-Vestfalya, Almanya"
120,Fachinformatiker*in Cloud Engineering,1 ay √∂nce,FORTIS IT-Services GmbH,"Paderborn, Kuzey Ren-Vestfalya, Almanya"
121,Junior Business Analyst (w/m/d) Marketplace,1 ay √∂nce,CGI,"Langenberg, Kuzey Ren-Vestfalya, Almanya"
122,Hier wirst Du gesch√§tzt! Dein neuer Arbeitgeber sucht DICH! Junior Entwickler (m/w/d) gesucht ‚Äì Paderborn,1 hafta √∂nce,FORTIS IT-Services GmbH,"Paderborn, Kuzey Ren-Vestfalya, Almanya"
123,Cloud Engineer* AWS / Azure,1 ay √∂nce,adesso SE,"G√ºtersloh, Kuzey Ren-Vestfalya, Almanya"
124,Wirtschaftsinformatiker*in als SAP Developer*in,1 ay √∂nce,FORTIS IT-Services GmbH,"Paderborn, Kuzey Ren-Vestfalya, Almanya"
125,Engineer - Research & Development,2 hafta √∂nce,FORTIS IT-Services GmbH,"Lippstadt, Kuzey Ren-Vestfalya, Almanya"
126,Data Engineer PHP Remote (m/w/d),3 hafta √∂nce,adesso SE,"Bielefeld, Kuzey Ren-Vestfalya, Almanya"
127,(Junior) Entwickler (m/w/d) Microsoft Dynamics NAV 2017,1 ay √∂nce,FORTIS IT-Services GmbH,"Rheda-Wiedenbr√ºck, Kuzey Ren-Vestfalya, Almanya"
128,Fachinformatiker (m/w/d) Anwendungsentwicklung,3 hafta √∂nce,FORTIS IT-Services GmbH,"Oelde, Kuzey Ren-Vestfalya, Almanya"
129,Software- / Anwendungsentwickler (m/w/d),1 g√ºn √∂nce,Weber Maschinenbau,"Kreis Paderborn, Kuzey Ren-Vestfalya, Almanya"
130,Remote Microsoft Entwickler / Automatisierung (m/w/d),3 hafta √∂nce,NEOMATIC AG,"Bielefeld, Kuzey Ren-Vestfalya, Almanya"
131,Nachwuchs SAP Softwareentwicklerin,2 g√ºn √∂nce,BENTELER Group,"Paderborn, Kuzey Ren-Vestfalya, Almanya"
132,Cloud Developer (m/w/d),1 ay √∂nce,Intercon Solutions GmbH,"Bielefeld, Kuzey Ren-Vestfalya, Almanya"
133,Cloud Engineer AWS / Azure,1 ay √∂nce,join.com,"Paderborn, Kuzey Ren-Vestfalya, Almanya"
134,Trainee Softwareentwicklung JavaScript (all genders),1 ay √∂nce,HELLA,"Paderborn, Kuzey Ren-Vestfalya, Almanya"
135,Cloud Entwickler*in,1 ay √∂nce,SKS Unternehmensberatung GmbH & Co. KG,"G√ºtersloh, Kuzey Ren-Vestfalya, Almanya"
136,Wirtschaftsinformatiker*in als SAP Developer*in,2 g√ºn √∂nce,FORTIS IT-Services GmbH,"Bielefeld, Kuzey Ren-Vestfalya, Almanya"
137,MuleSoft Developer (all genders),2 hafta √∂nce,FORTIS IT-Services GmbH,"Paderborn, Kuzey Ren-Vestfalya, Almanya"
138,Cloud Programmierer*in AWS / Azure,1 ay √∂nce,FORTIS IT-Services GmbH,"Paderborn, Kuzey Ren-Vestfalya, Almanya"
139,Cloud Developer*in AWS / Azure,5 g√ºn √∂nce,CGI,"G√ºtersloh, Kuzey Ren-Vestfalya, Almanya"
140,Fachinformatiker als Cloud Engineer Azure (m/w/d),1 ay √∂nce,IT-Systemhaus JOBRI - We are hiring!,"Werther, Kuzey Ren-Vestfalya, Almanya"
141,SAP Cloud Engineer Remote (m/w/d),3 g√ºn √∂nce,LIONSTEP,"Bielefeld, Kuzey Ren-Vestfalya, Almanya"
142,System Integration Engineer (m/w/d),3 g√ºn √∂nce,Rippert Anlagentechnik GmbH & Co. KG,"Paderborn, Kuzey Ren-Vestfalya, Almanya"
143,Freundlicher Junior Entwickler (m/w/d) in Paderborn gesucht,1 ay √∂nce,KPMG Deutschland,"Paderborn, Kuzey Ren-Vestfalya, Almanya"
144,Remote Microsoft Entwickler / Automatisierung (m/w/d),3 hafta √∂nce,WABSOLUTE¬Æ,"Bielefeld, Kuzey Ren-Vestfalya, Almanya"
145,"Home Office, DevOps / Backend Entwickler mit Erfahrung, Innovative Health App at Dialogplus",3 hafta √∂nce,Energieversum GmbH & Co. KG,"Rheda-Wiedenbr√ºck, Kuzey Ren-Vestfalya, Almanya"
146,CLOUD AND DEVOPS CONSULTANT (M/F/D),1 ay √∂nce,regio iT gesellschaft f√ºr informationstechnologie mbh,"Lippstadt, Kuzey Ren-Vestfalya, Almanya"
147,Senior Consultant f√ºr Data Engineering - Remote (m/w/d),1 g√ºn √∂nce,Weber Maschinenbau,"Bielefeld, Kuzey Ren-Vestfalya, Almanya"
148,Fachinformatikerin Cloud Engineering,1 hafta √∂nce,HELLA,"G√ºtersloh, Kuzey Ren-Vestfalya, Almanya"
149,Nachwuchs SAP Softwareentwicklerin,1 ay √∂nce,Ardekay IT Recruitment,"Bielefeld, Kuzey Ren-Vestfalya, Almanya"
150,Cloud Engineer* AWS / Azure,2 hafta √∂nce,CGI,"Paderborn, Kuzey Ren-Vestfalya, Almanya"
151,Junior Backend-Entwickler (m/w/d),2 hafta √∂nce,NTT DATA Business Solutions Germany,"Bielefeld, Kuzey Ren-Vestfalya, Almanya"
152,Fachinformatiker Anwendungsentwicklung / Softwareentwickler (m/w/d),1 ay √∂nce,HELLA,"Bielefeld, Kuzey Ren-Vestfalya, Almanya"
153,Application Developer (m/w/d),3 g√ºn √∂nce,symmedia,"G√ºtersloh, Kuzey Ren-Vestfalya, Almanya"
154,Application developer in the ERP area (m/f/d),1 ay √∂nce,XALT Business Consulting GmbH,"Herzebrock, Kuzey Ren-Vestfalya, Almanya"
155,Werkstudent (w/m/d) CRM und Softwareentwicklung,2 g√ºn √∂nce,Intercon Solutions GmbH,"Bielefeld, Kuzey Ren-Vestfalya, Almanya"
156,"TYPO3 Developer:in (Projektleitung) [m,w,x] - Projektmanagement, Webentwicklung, Ingenieur",1 ay √∂nce,INLOGY,"Paderborn, Kuzey Ren-Vestfalya, Almanya"
157,(Junior) Software Developer ‚Äì Inhouse (w/m/d),2 ay √∂nce,FORTIS IT-Services GmbH,"G√ºtersloh, Kuzey Ren-Vestfalya, Almanya"
158,vote iT: Softwareentwickler (w/m/d),1 ay √∂nce,Mettenmeier GmbH,"G√ºtersloh, Kuzey Ren-Vestfalya, Almanya"
159,Cloud Application Developer Azure (m/w/d),1 g√ºn √∂nce,FASTEC GmbH,"Werther, Kuzey Ren-Vestfalya, Almanya"
160,Data-Sourcing Engineer PHP Remote (m/w/d),1 hafta √∂nce,adesso as a service GmbH,"Bielefeld, Kuzey Ren-Vestfalya, Almanya"
161,PRAKTIKUM / ABSCHLUSSARBEIT WINDOWS GUI UND SKRIPT/PARSER PROGRAMMIERUNG,1 ay √∂nce,Intercon Solutions GmbH,"Lippstadt, Kuzey Ren-Vestfalya, Almanya"
162,Cloud Engineer (m/w/d) AWS - Remote,1 hafta √∂nce,,"Oelde, Kuzey Ren-Vestfalya, Almanya"
163,Salesforce Entwickler*in (m/w/d),2 g√ºn √∂nce,,"Bielefeld, Kuzey Ren-Vestfalya, Almanya"
164,Werkstudent*in Enterprise Integration,3 g√ºn √∂nce,,"Bielefeld, Kuzey Ren-Vestfalya, Almanya"
165,SYSTEM DEVELOPMENT EXPERT (M/W/D) SPECIAL APPLICATIONS,5 g√ºn √∂nce,,"Lippstadt, Kuzey Ren-Vestfalya, Almanya"
166,Web-/ Frontendentwickler*,1 ay √∂nce,,"Bielefeld, Kuzey Ren-Vestfalya, Almanya"
167,Senior DevOps Engineer im Start Up (m/w/d) Remote,1 yƒ±l √∂nce,,"Bielefeld, Kuzey Ren-Vestfalya, Almanya"
168,ENDSPURT! AUF INS JAHR 2023! - Softwareentwickler (m/w/d) gesucht!,3 hafta √∂nce,,"Paderborn, Kuzey Ren-Vestfalya, Almanya"
169,Cloud Developer (m/w/d),2 g√ºn √∂nce,,"Paderborn, Kuzey Ren-Vestfalya, Almanya"
170,Cloud Developer*in AWS / Azure,3 g√ºn √∂nce,,"Paderborn, Kuzey Ren-Vestfalya, Almanya"
171,"Softwareentwickler f√ºr Smallworld GIS (m/w/d) - Anwendungsentwicklung, Ingenieur",,,"Paderborn, Kuzey Ren-Vestfalya, Almanya"
172,Softwareentwickler (m/w/d),,,"Paderborn, Kuzey Ren-Vestfalya, Almanya"
173,System Engineer - Cloud (all genders) f√ºr die adesso as a service,,,"Paderborn, Kuzey Ren-Vestfalya, Almanya"
174,Bei uns kannst du dich entwickeln! - C# Entwickler (w/m/d) mit gro√üer Motivation gesucht!,,,"Bielefeld, Kuzey Ren-Vestfalya, Almanya"
